Ref,Val,Package,PosX,PosY,Rot,Side
"D_A1","D","Diode-Hybrid-Back",30.162500,-31.353104,90.000000,top
"D_A2","D","Diode-Hybrid-Back",32.543750,-31.353104,90.000000,top
"D_A3","D","Diode-Hybrid-Back",53.578170,-25.003146,270.000000,top
"D_A4","D","Diode-Hybrid-Back",71.437560,-25.003146,270.000000,top
"D_A5","D","Diode-Hybrid-Back",73.818812,-25.003146,270.000000,top
"D_A6","D","Diode-Hybrid-Back",116.681348,-43.457849,270.000000,top
"D_B1","D","Diode-Hybrid-Back",40.481284,-43.457849,270.000000,top
"D_B2","D","Diode-Hybrid-Back",58.340674,-43.457849,270.000000,top
"D_B3","D","Diode-Hybrid-Back",77.390690,-43.457849,270.000000,top
"D_B4","D","Diode-Hybrid-Back",95.250080,-43.457849,270.000000,top
"D_B5","D","Diode-Hybrid-Back",97.631332,-43.457849,270.000000,top
"D_B6","D","Diode-Hybrid-Back",114.300096,-43.457849,270.000000,top
"D_C1","D","Diode-Hybrid-Back",19.645296,-44.053088,270.000000,top
"D_C2","D","Diode-Hybrid-Back",67.865682,-62.507865,270.000000,top
"D_C3","D","Diode-Hybrid-Back",86.915698,-62.507865,270.000000,top
"D_C4","D","Diode-Hybrid-Back",104.775088,-62.507865,270.000000,top
"D_C5","D","Diode-Hybrid-Back",107.156340,-62.507865,270.000000,top
"D_C6","D","Diode-Hybrid-Back",123.825104,-62.507865,270.000000,top
"D_D1","D","Diode-Hybrid-Back",17.859360,-81.557881,270.000000,top
"D_D2","D","Diode-Hybrid-Back",36.909344,-81.557881,270.000000,top
"D_D3","D","Diode-Hybrid-Back",89.296950,-81.557881,270.000000,top
"D_D4","D","Diode-Hybrid-Back",91.678048,-81.557744,270.000000,top
"D_D5","D","Diode-Hybrid-Back",94.059296,-81.557744,270.000000,top
"D_D6","D","Diode-Hybrid-Back",126.206356,-62.507865,270.000000,top
"R1","4.7k","Resistor-Hybrid-Back",116.086035,-34.528154,0.000000,top
"R2","4.7k","Resistor-Hybrid-Back",105.370401,-34.528154,0.000000,top
"R3","5.1k","ComboResistor",53.784500,-35.306000,180.000000,top
"R4","5.1k","ComboResistor",53.784500,-32.766000,180.000000,top
